pc1,pc2,cluster,cluster_label
1.4370227250576286,0.3099326389861053,1,connected but engaged
1.7581782014364333,-1.4830008283286729,1,connected but engaged
-1.79225819860076,-0.7960019312144366,0,Digitally excluded
1.5122615383993947,-0.37967574112971564,1,connected but engaged
1.0053965210475855,0.43908307529587,1,connected but engaged
0.4822282985835817,0.5338057890322787,1,connected but engaged
0.6252863872220947,1.5902341205220596,1,connected but engaged
-0.38012155572493606,1.1056159218666997,1,connected but engaged
0.3825056625965732,-0.15863118000858695,1,connected but engaged
-2.3922777294944355,-0.18516579401838154,0,Digitally excluded
-0.3048781130485835,0.4480958760944602,1,connected but engaged
2.222333367608278,-0.10295398309435434,1,connected but engaged
-2.105381067423259,1.7852379015095863,0,Digitally excluded
5.676939608733336,-0.3259768366097798,2,advanced adopters
-2.5688478755833586,-0.44769900292615816,0,Digitally excluded
0.40409556512617395,-0.5861495741894254,1,connected but engaged
1.1607669581585618,1.9429929439058995,1,connected but engaged
2.347952443605128,-0.30388735595254496,2,advanced adopters
-1.2795160303520838,0.9852653349601509,0,Digitally excluded
-2.2742612118215497,1.497102428519773,0,Digitally excluded
5.213288607374137,-1.2032817484772003,2,advanced adopters
-1.1328405648483524,-2.1521434676404088,0,Digitally excluded
0.11166033989354576,1.6761174902269662,1,connected but engaged
-1.1022173770032178,-0.6526749847737917,0,Digitally excluded
1.3099134800475516,1.536486548809363,1,connected but engaged
-1.5479284084237797,-0.847833371229973,0,Digitally excluded
-1.4061466107051577,-0.14634961241278965,0,Digitally excluded
0.2842968322767465,1.9803528327708257,1,connected but engaged
2.572967025612693,-2.4225931842144943,1,connected but engaged
-2.283824269849474,-1.0892816600632456,0,Digitally excluded
-1.5906120193706714,0.623752424433832,0,Digitally excluded
1.6379922527775912,-0.8565181097928201,1,connected but engaged
2.0806693411485604,-2.763045478908522,2,advanced adopters
1.2578749764357133,-0.4793479065955164,1,connected but engaged
2.966442916260952,0.7072231841846578,2,advanced adopters
-1.270164264811958,-2.8059564451856804,0,Digitally excluded
0.4070126416411487,0.2465099798444749,1,connected but engaged
1.2758228099413567,-3.2383199071977047,1,connected but engaged
-3.2917260168822553,0.45103595997637974,0,Digitally excluded
-2.410858161009738,0.3055950734290061,0,Digitally excluded
-0.026245498697472766,1.7644414764160476,1,connected but engaged
0.3277816274042356,-0.07405538019177144,1,connected but engaged
-2.815157306889723,0.3529228509030017,0,Digitally excluded
5.750728812293544,-0.6565951163317497,2,advanced adopters
2.07765106434394,-0.1973621806933402,1,connected but engaged
1.4806843851987492,-2.4958405888587576,1,connected but engaged
-0.48791416681657424,2.590445848641409,1,connected but engaged
-3.207477879289198,1.5036489695585231,0,Digitally excluded
2.352892496562992,-0.6540071995540996,1,connected but engaged
-2.7508270878391166,1.032957635857143,0,Digitally excluded
3.806721970887278,-0.4844772424545591,2,advanced adopters
-0.42555363893449516,-0.765637053734831,0,Digitally excluded
-0.9120093261269617,-1.1876640769889,0,Digitally excluded
-3.0929683237683125,1.254984583283821,0,Digitally excluded
-1.7276185344119919,2.4741246597430138,0,Digitally excluded
-0.8385590592433704,-1.4683644180548254,0,Digitally excluded
-2.7581138396778293,0.13207279653958354,0,Digitally excluded
-1.5561287670891506,0.1437996022325559,0,Digitally excluded
4.742873486766789,-0.6728345045334367,2,advanced adopters
-2.4618447790328317,0.0945359194927073,0,Digitally excluded
-2.656165247068071,0.6042532575557217,0,Digitally excluded
-1.2079993200285548,-1.3156748166398793,0,Digitally excluded
1.4390991063833962,0.42538556834258406,1,connected but engaged
0.2522692722450828,0.6159681175496925,1,connected but engaged
2.4904584352559462,-0.3368111681634491,1,connected but engaged
1.775434457728213,0.411015132493706,1,connected but engaged
-2.38937833580481,-0.7897649144760632,0,Digitally excluded
-0.19608651004632044,-2.207352945045521,1,connected but engaged
1.750387293075208,0.5287184507890476,1,connected but engaged
1.1595289088199443,-0.7029071215439794,1,connected but engaged
0.9081649735728109,0.027660270882453132,1,connected but engaged
0.6308174994080966,0.9327552848565746,1,connected but engaged
-0.8944686204443151,-0.5144680865906737,0,Digitally excluded
-0.29932250525405396,-3.1716997735071013,0,Digitally excluded
2.5971052975591173,-0.15141606436248975,2,advanced adopters
-0.06088246506557708,1.9222834852378823,1,connected but engaged
0.43620734019037255,1.9237699958992207,1,connected but engaged
0.5063640182252945,-2.70450958815022,1,connected but engaged
-1.9567108271906002,-0.3922921660945484,0,Digitally excluded
-2.3691128865880633,0.10942287627010373,0,Digitally excluded
0.9355885977727446,0.6966998748867662,1,connected but engaged
1.022852219565963,1.8055716003322573,1,connected but engaged
1.0983101608530075,0.6249208406052077,1,connected but engaged
-0.23285810889545464,2.1987622034238683,1,connected but engaged
-1.7908258500403889,-0.6716333354937826,0,Digitally excluded
-2.3341820501048955,-1.09979751648903,0,Digitally excluded
0.35456015373751903,0.8752355472394754,1,connected but engaged
1.8399471774523484,0.17464003790990965,1,connected but engaged
1.5830461783692216,0.31662248356810785,1,connected but engaged
3.1839951076157766,0.6054376354097832,2,advanced adopters
-0.7017073550842002,3.1444582636248293,1,connected but engaged
0.09442995842707859,2.304905334420094,1,connected but engaged
-0.7351035746215402,3.3013960213519513,1,connected but engaged
0.21173316059249528,1.8422615819004833,1,connected but engaged
-1.4202273871904545,0.7409471026706186,0,Digitally excluded
-2.633757992911406,-0.5461154760557411,0,Digitally excluded
1.1376782224148785,0.7293664092165297,1,connected but engaged
1.052341245372425,-0.054832432185092574,1,connected but engaged
-1.889351894037422,1.0786720971148838,0,Digitally excluded
-2.2027109338659283,-1.1810082886108264,0,Digitally excluded
0.02180037729524427,1.358905910162928,1,connected but engaged
-1.8391552963459556,-0.333385770228465,0,Digitally excluded
-1.669501856580996,0.09275047383174623,0,Digitally excluded
2.144095798617815,-1.1512283425957686,1,connected but engaged
1.2886220588862312,0.6038605601743271,1,connected but engaged
-0.6217128608193707,-0.3992235923043412,0,Digitally excluded
2.255090413374505,1.707168297161531,2,advanced adopters
1.6676319755103708,1.1242341274803143,1,connected but engaged
0.4062980433963315,1.8266199050419998,1,connected but engaged
1.71992881104771,1.420269257463654,1,connected but engaged
0.7847449834204688,0.5967184687884083,1,connected but engaged
-2.5261253052803307,-0.8906979441962397,0,Digitally excluded
1.879889721373534,-1.1554363830778671,1,connected but engaged
0.46912115495953144,2.1253332050968803,1,connected but engaged
-0.6625991571838992,1.353362749413798,1,connected but engaged
0.1772696573085126,-2.847792095319186,0,Digitally excluded
-1.9698306899377138,-0.5565714704197688,0,Digitally excluded
-2.198439666227377,-0.33638216515661423,0,Digitally excluded
2.7131129529216342,-0.8407924672000557,2,advanced adopters
-0.289419171339167,2.0611112908625047,1,connected but engaged
-2.18120928476091,-0.9651700093497426,0,Digitally excluded
0.63878726542995,1.2845557172632098,1,connected but engaged
-0.4604174549506321,0.3100082610692443,0,Digitally excluded
0.18657039368880018,1.4572558055438065,1,connected but engaged
-0.8790182923390236,-1.9076151729526407,0,Digitally excluded
-2.3443284195715934,-1.3415636231115833,0,Digitally excluded
-1.7257029020054222,0.951884317126932,0,Digitally excluded
0.1381983217617404,-2.1179525783170217,1,connected but engaged
-1.50216074187501,0.30484644105268577,0,Digitally excluded
1.8947957583514583,-0.7753832105512416,1,connected but engaged
-2.5062299639508465,-0.7419572986645117,0,Digitally excluded
-2.485357326740009,-0.8400433972439629,0,Digitally excluded
-0.6015186964721803,2.6736449904434636,1,connected but engaged
-1.554971088840049,0.426625526728132,0,Digitally excluded
-2.0336278996962682,1.544800796992001,0,Digitally excluded
4.691801861579426,-0.19060112383157496,2,advanced adopters
-1.0756778393365667,-2.8466339453324516,0,Digitally excluded
-2.767207996966881,-0.8034749781902001,0,Digitally excluded
1.7778116705880174,0.11039736672348169,1,connected but engaged
-1.078673976485632,-1.2305160931943158,0,Digitally excluded
-2.175585147537184,-1.3437773294594837,0,Digitally excluded
-2.5870806022978563,0.6830525109694146,0,Digitally excluded
-2.4969036131851583,-1.0280184822074714,0,Digitally excluded
-0.1027721192995809,-1.0180683873599774,1,connected but engaged
-2.281350490919795,-0.6390371629933876,0,Digitally excluded
-1.5569244897363592,0.44819607454565635,0,Digitally excluded
-1.46168407343166,0.3741195801660161,0,Digitally excluded
-1.840970046276015,-0.24440870049831395,0,Digitally excluded
-1.5541793171917146,-0.9436690808705614,0,Digitally excluded
-2.9427703430145518,1.242057208149933,0,Digitally excluded
-1.1330257253703386,-0.5600946060364426,0,Digitally excluded
-0.9286848586826651,-0.8853576190290647,0,Digitally excluded
4.192492120644014,-0.6661239029993818,2,advanced adopters
-0.1937527449701195,0.9699245909488448,1,connected but engaged
0.6479563390152953,1.7731485679969425,1,connected but engaged
4.078198276907281,0.7361755119085158,2,advanced adopters
1.0504573448542815,-1.3331204861381594,1,connected but engaged
0.06512980900346113,2.417190049143039,1,connected but engaged
-1.9542057907881458,1.5254837822645195,0,Digitally excluded
-0.4093432478201086,1.242936459877931,1,connected but engaged
2.9425334645133328,-0.28500048509996506,1,connected but engaged
-2.517776250395996,-0.9299323836280202,0,Digitally excluded
-1.2708486718248277,-0.8871682506986611,0,Digitally excluded
-2.1145509664672395,-1.4812956798309187,0,Digitally excluded
-2.9218977058037146,1.1439711095704819,0,Digitally excluded
0.7633806883204719,-1.670513867331155,1,connected but engaged
0.14286167311810166,0.7900065384021113,1,connected but engaged
-1.7856791685821387,-1.5318924942016112,0,Digitally excluded
0.5451089078526296,1.5728306743802707,1,connected but engaged
0.27020513518166933,1.784474327571093,1,connected but engaged
2.312877414472441,0.18577012046149738,2,advanced adopters
2.7260060758256706,1.300150565105652,2,advanced adopters
0.8888261999949255,0.1608244224997715,1,connected but engaged
0.23887580428795413,0.33881048493663596,1,connected but engaged
1.1546397831329596,0.8968200233694357,1,connected but engaged
1.9906978888110924,1.2812938246874213,1,connected but engaged
-1.9611263162335932,0.1590254267898554,0,Digitally excluded
-2.491414175928809,-0.40813418894424597,0,Digitally excluded
-1.7129233151452714,-1.5302633543344348,0,Digitally excluded
4.838042970854442,-0.5897198790910897,2,advanced adopters
-0.2101049785682693,-0.814138151319837,0,Digitally excluded
0.5624057779530466,0.5512092351740676,1,connected but engaged
1.2107844117919453,0.9478325364054837,1,connected but engaged
-0.40819716052363825,0.9028916519469871,1,connected but engaged
-2.217777686492387,-1.290578701609175,0,Digitally excluded
-0.30835961987375604,1.5550874024533436,1,connected but engaged
-2.764702960564426,1.114300970168868,0,Digitally excluded
0.6007966591825511,-3.1594843481585717,1,connected but engaged
0.11714335800388262,-0.9900755198696125,1,connected but engaged
2.4463772854575314,0.2513116241911706,2,advanced adopters
1.972136729138985,0.38423506443984445,1,connected but engaged
-1.0342603899948775,-0.8121548932986726,0,Digitally excluded
4.550930231591353,-0.46373493224064666,2,advanced adopters
-2.3492175452585786,0.25816352180183166,0,Digitally excluded
-0.2838447269185482,1.9877030494875696,1,connected but engaged
1.9498333442008953,0.4797770148950626,1,connected but engaged
-1.670915343087061,-0.3931523704069916,0,Digitally excluded
-1.9541207836238765,0.8321912476263587,0,Digitally excluded
-1.396779372021739,-0.380367624478941,0,Digitally excluded
0.4073187870612879,-1.8981021408337697,1,connected but engaged
-0.17331153374175687,1.0360450201288733,1,connected but engaged
1.1728725098474575,-0.2339314905261371,1,connected but engaged
0.4272862828578591,2.2312429011145665,1,connected but engaged
4.617434591335432,0.038605028361978364,2,advanced adopters
-0.18365017523405924,-1.4123934176452364,1,connected but engaged
4.28884002860008,0.6066846653877905,2,advanced adopters
-2.454338320062473,-0.6963633892008604,0,Digitally excluded
1.2432821552998299,0.23803166522456148,1,connected but engaged
0.21504623006638013,1.4325137414408897,1,connected but engaged
-2.708899486870421,-0.1930055211697169,0,Digitally excluded
0.015194765394124999,-1.462255980885751,1,connected but engaged
-2.147564295601626,1.2951893894139443,0,Digitally excluded
-1.7321990730621963,-0.8472121893844872,0,Digitally excluded
-2.689561466605411,0.7611910152828437,0,Digitally excluded
3.5359945923105647,-0.6182918416799935,2,advanced adopters
0.1798191091282067,-0.2764268765101694,1,connected but engaged
1.5093745292705514,0.9241280679136529,1,connected but engaged
-2.3243225159206466,1.5089294326639417,0,Digitally excluded
-2.5163763334175444,-0.9837234052870654,0,Digitally excluded
-1.128005014726353,-1.4776655462964325,0,Digitally excluded
-2.1888731950381195,0.4870022532904975,0,Digitally excluded
-2.103825452035976,-0.7337871969630444,0,Digitally excluded
1.1882183292173198,-0.28990869422564386,1,connected but engaged
-2.085097834208306,-1.7528644880450148,0,Digitally excluded
-0.5977840534539753,0.5086130436276243,0,Digitally excluded
-2.4037490996432918,-0.8200958029779409,0,Digitally excluded
0.9582585495659455,0.8796143223616492,1,connected but engaged
-0.23703905548363466,-1.0676978802200456,1,connected but engaged
-1.1966836482885308,1.7844892691332659,0,Digitally excluded
-0.038587507789830645,1.8808628637656397,1,connected but engaged
-2.306757672592086,-1.5181186005545955,0,Digitally excluded
-1.3164520263606405,-1.4989196386648937,0,Digitally excluded
-0.4150150116234783,1.652843126482663,1,connected but engaged
0.17786804031628292,0.3483630257743699,1,connected but engaged
-0.24343546278453496,0.03732669946408896,0,Digitally excluded
0.40445310223432435,1.5769187054826566,1,connected but engaged
-0.4095754412967448,2.464545418150674,1,connected but engaged
0.9404700215763685,-0.46408267313116236,1,connected but engaged
3.4672298998796434,-0.3564004348727882,2,advanced adopters
-0.6555553597437216,1.707059888477294,1,connected but engaged
0.15515381528084377,0.8654031494573049,1,connected but engaged
0.6528065053461442,-0.8551654313101962,1,connected but engaged
-0.42793085179429957,-0.4650192879646068,0,Digitally excluded
0.32694434537636147,-2.5542616750051006,1,connected but engaged
-2.35276472197017,-0.4485179971318473,0,Digitally excluded
0.06709058807853861,2.0299338838474994,1,connected but engaged
2.081562894149572,-1.5502625814955762,1,connected but engaged
1.1405004594582384,0.7322408646646938,1,connected but engaged
-0.998117208253685,-1.6041475188909424,0,Digitally excluded
-0.5430753122818353,2.3990039144210007,1,connected but engaged
-0.6713127840089985,-2.0860535494196224,0,Digitally excluded
0.9819065505533747,-0.271658662344526,1,connected but engaged
1.27144154434938,1.0408304059626698,1,connected but engaged
5.3264493179198045,-0.06471544975132136,2,advanced adopters
-2.2633966568221924,-1.490859979861085,0,Digitally excluded
-2.7873355317730018,0.2693933345508152,0,Digitally excluded
-0.9082367867481975,0.38296418841406243,0,Digitally excluded
1.073524868377903,-0.7020333906198774,1,connected but engaged
1.3658243183770207,0.7776736443591038,1,connected but engaged
-1.8566960020286019,-1.0065817606266914,0,Digitally excluded
-0.6307403885673527,2.8109655284546955,1,connected but engaged
-1.8511458536617849,-1.9122137644802404,0,Digitally excluded
0.514688661506841,0.48599810599452614,1,connected but engaged
0.6781553269918209,1.3890012858745315,1,connected but engaged
-1.0123748497526128,0.03451421107473155,0,Digitally excluded
4.741521196367982,-0.6503428293693825,2,advanced adopters
-2.039263039508733,-1.2753613702816466,0,Digitally excluded
-0.1336467461647877,1.974775674353682,1,connected but engaged
1.2020560680451289,1.3781018476756801,1,connected but engaged
-2.3922777294944355,-0.18516579401838154,0,Digitally excluded
-1.2374826435194355,-1.382784277715277,0,Digitally excluded
-1.5627815770304423,-0.519663292807069,0,Digitally excluded
1.002064589519395,1.2103651642735476,1,connected but engaged
-0.08894453473237621,0.7829863192699773,1,connected but engaged
0.6504518696993062,-0.3307100864436977,1,connected but engaged
1.8618393212060564,-1.0544758290502518,1,connected but engaged
-1.3200701750138366,2.1842935044726604,0,Digitally excluded
0.331118872818529,-2.5738788947209907,1,connected but engaged
-2.0383580136434536,-1.440826614754294,0,Digitally excluded
-0.5875004597276364,0.8093423048964031,0,Digitally excluded
0.24786503123741524,0.6909107717227926,1,connected but engaged
-2.816557223868174,0.4067138725620468,0,Digitally excluded
-0.8111728156280621,-0.13733162590734255,0,Digitally excluded
0.6809859916975245,1.3377544123397196,1,connected but engaged
1.2140604632046572,0.37535220323579316,1,connected but engaged
-1.6287204539661018,0.4977226894318711,0,Digitally excluded
-2.030239573464244,1.432127946623562,0,Digitally excluded
0.004522543375642183,2.1323741811810675,1,connected but engaged
1.8357726500101808,0.1942572576257999,1,connected but engaged
-0.3042560598346843,0.6125855412567766,0,Digitally excluded
-1.9030692557383437,-1.0401632359873108,0,Digitally excluded
1.4932068488046155,1.7826921110750564,1,connected but engaged
-1.2939845204778981,-0.10757973929338868,0,Digitally excluded
0.1190320988965278,1.883709794906365,1,connected but engaged
-2.457670251590664,0.07491869977681705,0,Digitally excluded
0.006849889305830566,2.023574413815629,1,connected but engaged
-2.860362510508748,-1.0113976574197308,0,Digitally excluded
-0.4595478654907066,-0.7529074237349458,0,Digitally excluded
-1.375022341979317,-2.4272001751020267,0,Digitally excluded
0.39339517220734743,2.276506436028086,1,connected but engaged
-2.332287242013272,-1.0419143153344725,0,Digitally excluded
1.525365019003338,-1.0201457121019444,1,connected but engaged
-1.8719219248027472,-1.0632654030607072,0,Digitally excluded
4.018089812989252,-0.2597760361103801,2,advanced adopters
-1.7824767951560538,-0.7108677749255631,0,Digitally excluded
-1.07130221748265,-1.022923788514917,0,Digitally excluded
-2.1229007746644504,-0.3547005523292595,0,Digitally excluded
-1.7066570172960196,-0.8532412848662261,0,Digitally excluded
-2.1770347573187423,-0.9847872290656328,0,Digitally excluded
-1.5949804754590136,1.5455099206494585,0,Digitally excluded
-1.9625826646770645,0.6013580451555053,0,Digitally excluded
0.15575540958755685,-0.6400073126213456,1,connected but engaged
1.2325558875556906,0.5778838704265662,1,connected but engaged
-2.8738633887166034,-0.7057192541608807,0,Digitally excluded
1.640117898533356,1.681322209251966,1,connected but engaged
-0.9169562456904955,-1.727173493933514,0,Digitally excluded
0.6869992729893275,1.4614410692563538,1,connected but engaged
0.030124150979260748,-1.6048715841105732,1,connected but engaged
0.06750702186326542,2.1165722833728147,1,connected but engaged
0.5674030396697408,-1.246530677698744,1,connected but engaged
-2.2502464770779897,-1.1886496895884462,0,Digitally excluded
-2.037194127288254,0.564667686621757,0,Digitally excluded
-3.0178268298092976,0.9018746283977966,0,Digitally excluded
-2.6995232691751174,-0.6708847031174622,0,Digitally excluded
-1.0339230722327488,-1.3247516127732955,0,Digitally excluded
-1.4739163456611906,0.41435264715263326,0,Digitally excluded
-1.8108220738463836,0.6128892918604204,0,Digitally excluded
1.108456530319706,0.8666869472277614,1,connected but engaged
-2.944567657596915,0.9610566620955991,0,Digitally excluded
2.593000270495117,-1.4316574464171905,2,advanced adopters
-2.038204619224989,-0.24647466150840144,0,Digitally excluded
-0.2842681734742816,-0.9832734035713369,1,connected but engaged
-2.8090031383181713,-0.415484782626512,0,Digitally excluded
-2.262457494838341,0.011667152240784412,0,Digitally excluded
1.8784523860950244,-0.34180326520885634,2,advanced adopters
0.8461883869973933,-0.9014113959118417,1,connected but engaged
2.7800933593397037,0.9875569805971579,2,advanced adopters
-0.023730751895326207,-0.09692580446315151,1,connected but engaged
-0.6516130257781902,2.9090516270341467,1,connected but engaged
-3.0306131097723354,-0.3725568935408784,0,Digitally excluded
-0.451811734090726,0.013056081104346013,0,Digitally excluded
-2.062660075891742,-0.34834108229738875,0,Digitally excluded
3.8669145363541384,-2.191686531332701e-05,2,advanced adopters
-1.0194847365776945,-1.6177356431250938,0,Digitally excluded
-0.5322747660052917,-1.3624084227623159,0,Digitally excluded
3.0520298535765136,-0.5123865033519018,2,advanced adopters
1.35493209319273,0.648486011644865,1,connected but engaged
5.35746832459734,0.0789645582917809,2,advanced adopters
-2.4806879081846698,-0.7479863941462505,0,Digitally excluded
-1.5100568299102355,-1.4404590437996883,0,Digitally excluded
-2.4492713297767135,-0.15613373805974903,0,Digitally excluded
-2.5893229410637755,0.09855974369669213,0,Digitally excluded
-0.54473261301072,-0.609029670557841,0,Digitally excluded
1.2281186624769875,-0.7357820909438891,1,connected but engaged
-2.215137775996047,-0.2579132862930535,0,Digitally excluded
-1.2803978817928972,-2.1939113652602784,0,Digitally excluded
-0.7122987487344543,2.599199935783888,1,connected but engaged
-2.944567657596915,0.9610566620955991,0,Digitally excluded
-2.0903471510410867,-1.2633031793181688,0,Digitally excluded
-2.467681921089986,-1.1653390202187028,0,Digitally excluded
1.4314696669835807,1.0792613998621488,1,connected but engaged
1.7434381551693243,0.5141618685617829,1,connected but engaged
-0.6358215206463108,1.3054679501063404,1,connected but engaged
-0.24497562639453738,1.5325192293962036,1,connected but engaged
-1.1238304872841853,-1.497282766012323,0,Digitally excluded
2.0168149764282655,0.025739800119029623,1,connected but engaged
-1.3926751704163736,-1.8780669730310122,0,Digitally excluded
1.3702302859829485,0.6238081544403491,1,connected but engaged
0.5267495584242511,-0.290028168125355,0,Digitally excluded
-1.8873174369757169,-0.7020891206263945,0,Digitally excluded
-0.021021341020819095,-0.3641189909176212,0,Digitally excluded
1.2867215313026026,-0.13904700187975638,1,connected but engaged
0.18447224757240036,1.5923259546161754,1,connected but engaged
0.5544090183852445,2.01398935683341,1,connected but engaged
-2.758858942082546,-0.8427094176219804,0,Digitally excluded
3.68456663184024,0.4097237528225684,2,advanced adopters
-1.3212740238968221,-0.5743691882707695,0,Digitally excluded
-1.7798575967037145,-0.9918770675361106,0,Digitally excluded
-2.0657823911562634,-1.0225055306887285,0,Digitally excluded
2.812732554473693,1.1218669796645506,2,advanced adopters
-2.6830573528830834,0.4722553762917201,0,Digitally excluded
-1.6866261505405238,1.0749484778993075,0,Digitally excluded
-2.4590203016395,-0.06310827696892347,0,Digitally excluded
0.8209306064955746,-2.2295833511842758,1,connected but engaged
1.3745871399721366,-0.4256000251434985,1,connected but engaged
-2.631068215485451,0.29473194085559457,0,Digitally excluded
-1.1578274536079958,1.3742505894597494,0,Digitally excluded
2.2432801678025327,0.4393656824000223,1,connected but engaged
-2.567870579702006,-0.6945257470373372,0,Digitally excluded
-3.078910124495982,0.14385028910413852,0,Digitally excluded
0.7621389383180579,-1.3941911532100981,1,connected but engaged
-0.06846663527699348,-0.32553032908888185,1,connected but engaged
1.642089919744194,1.130263222962053,1,connected but engaged
2.09434917411261,-0.2758310595569011,1,connected but engaged
-1.3007382473059377,-2.646144232010395,0,Digitally excluded
0.18307233059394903,1.6461169762752206,1,connected but engaged
-1.5462333622268734,0.6098184055770266,0,Digitally excluded
0.14309171137555163,-0.4355677178752484,1,connected but engaged
-2.5429581150163774,0.1862625480402878,0,Digitally excluded
-1.1707836392713682,-0.9492459295483839,0,Digitally excluded
-2.3536547703372817,-1.0555024395686239,0,Digitally excluded
1.4792130236628596,0.4172526630455912,1,connected but engaged
0.8904128229962104,-1.702611449727183,1,connected but engaged
1.123800521059284,-1.6918125240521729,1,connected but engaged
-0.5609375582644787,-0.33996373313502315,1,connected but engaged
1.365120673320946,0.006049093997887254,1,connected but engaged
-1.1033726830249562,-1.5601828165206681,0,Digitally excluded
4.347660351487151,-1.0030649701622605,2,advanced adopters
2.739363399749941,0.14052178050694542,2,advanced adopters
-2.0540475700579957,-0.14165302871270236,0,Digitally excluded
1.5160694989864512,-0.6777493587757069,1,connected but engaged
1.6510793642746655,0.0018427170191517774,1,connected but engaged
-0.358453949179766,1.7904940390440265,1,connected but engaged
0.2902850434081461,0.7429053613250686,1,connected but engaged
0.708007387461351,-0.694215115260716,0,Digitally excluded
-1.6950812929317984,0.7607727574566551,0,Digitally excluded
-2.9111714380595752,0.8041189043684772,0,Digitally excluded
-1.7168351449509034,-0.17736295353219902,0,Digitally excluded
-1.9470967294216994,0.3997929058575724,0,Digitally excluded
-2.388450906853073,-0.8447736601824567,0,Digitally excluded
2.2084817909367698,0.8106131136959843,1,connected but engaged
2.494730427873168,-0.3356497720399868,2,advanced adopters
-1.7202866464859101,-1.7919769879968097,0,Digitally excluded
0.16158896435686956,2.2694862168959515,1,connected but engaged
-1.137706360009495,-1.415939431700598,0,Digitally excluded
-0.41563229048554484,2.896454626450391,1,connected but engaged
4.775622927613474,-0.3614970694356547,2,advanced adopters
-1.1799284168029116,-0.605615017803503,0,Digitally excluded
-1.460415467453335,0.10867424389378345,0,Digitally excluded
0.5625197872358324,-2.588270397261243,1,connected but engaged
-0.10502924840085823,1.586849685688395,1,connected but engaged
1.0063944499626338,1.9755375387556775,1,connected but engaged
0.6720787902900797,-0.5954959879144398,1,connected but engaged
-0.7019700527207359,1.811175082538484,1,connected but engaged
-2.1197035431036357,-0.12749102793397057,0,Digitally excluded
-2.476745574219138,0.4540053444106022,0,Digitally excluded
0.21875433668081137,-1.4042233159437691,1,connected but engaged
-2.6774829084624647,0.3988471349167846,0,Digitally excluded
0.7370278669742629,0.5315073396088668,1,connected but engaged
-1.8030107065779728,0.27107013998366697,0,Digitally excluded
-0.6648917169432638,0.35666235846633654,1,connected but engaged
-0.3291413568478551,-1.969402227556806,1,connected but engaged
2.067697900663536,-2.445428139243232,2,advanced adopters
-1.0021048953632323,1.4797329713557121,1,connected but engaged
-0.6683111355468603,2.9875205058977077,1,connected but engaged
5.72941115089915,-0.8620012389706869,2,advanced adopters
4.237168091843354,-1.1306933920869877,2,advanced adopters
0.8389664531501666,-0.6327709129289121,1,connected but engaged
3.5869831808281947,-0.9190680198056813,2,advanced adopters
4.644402804313135,-0.7484349547749046,2,advanced adopters
-0.37605731664735664,-1.1452518180527507,0,Digitally excluded
1.7350891002849893,0.5533963079935634,1,connected but engaged
-0.6352914892984854,0.9156676366865678,1,connected but engaged
0.5950939339405682,1.1984928099491348,1,connected but engaged
-0.8969945295230832,-1.1662488548511978,0,Digitally excluded
-1.052457509559301,1.5101785676609345,0,Digitally excluded
1.6364560570602527,-1.494815517297702,1,connected but engaged
0.41047257083849903,1.8070026853261094,1,connected but engaged
-2.453000833035325,0.1669757028745294,0,Digitally excluded
-0.2425184863061299,-0.051123459929353944,1,connected but engaged
-1.5613947400219754,-0.6418902543782847,0,Digitally excluded
-1.4923072612767947,-1.1253489027006005,0,Digitally excluded
-0.44567199276539665,-0.8342507580466707,0,Digitally excluded
-0.992401971308579,3.1085868992967707,1,connected but engaged
-1.90694932735579,-0.6049072731416554,0,Digitally excluded
4.675395570757596,0.12246491926429658,2,advanced adopters
-2.777354366433579,-1.0452410848127538,0,Digitally excluded
1.5769558313576746,-0.5584811075115905,1,connected but engaged
-0.9267547883121972,-0.04340505787298475,0,Digitally excluded
1.5999279896401903,-1.4534729171052967,2,advanced adopters
0.1329891416394914,1.9467502907188323,1,connected but engaged
-2.0888273374669186,-1.4297550471107363,0,Digitally excluded
1.9761455517384663,1.1933932079836225,1,connected but engaged
-2.561898563550966,-0.3197613403688732,0,Digitally excluded
-1.7822639644491345,0.8142334045655685,0,Digitally excluded
0.42970322646804476,2.212705634890344,1,connected but engaged
0.1472726579637317,2.8308923657686655,1,connected but engaged
-2.283426698119053,-0.6411090120198464,0,Digitally excluded
-0.011994818617518334,-0.5095279423602227,1,connected but engaged
-0.7727777335409095,-1.9701848489108542,0,Digitally excluded
-2.452603435431413,0.5017672705879085,0,Digitally excluded
-0.5378961992416654,1.7169043730928712,1,connected but engaged
0.6665796026275995,-0.22501275644834953,1,connected but engaged
1.3793135784602168,-2.4161489312716924,2,advanced adopters
1.2428186306673243,0.5758527168534167,1,connected but engaged
2.7400056822933134,0.26847001989805175,2,advanced adopters
0.18878147498194414,0.5742171215273189,1,connected but engaged
2.850132089259264,-0.07843899316363656,2,advanced adopters
1.1874561043928584,1.321500577466872,1,connected but engaged
-2.4618447790328317,0.0945359194927073,0,Digitally excluded
0.2497230569302457,-0.5536049793396476,1,connected but engaged
4.297950554996001,0.04340164233337314,2,advanced adopters
-0.9301957731996853,1.4008880283077736,0,Digitally excluded
-0.7516061012915342,-1.4664996307065288,0,Digitally excluded
2.4129984953683237,0.3508438838507376,1,connected but engaged
2.0668643052311046,0.6500577791952274,1,connected but engaged
1.3991892804415855,-0.846795564657228,1,connected but engaged
3.620151405625364,0.4229815025065879,2,advanced adopters
0.3296212710495662,1.0664342231794575,1,connected but engaged
0.7552160406452474,-2.135967601433462,1,connected but engaged
0.006403036491989938,-0.7824400749831867,0,Digitally excluded
0.7778163044217715,2.25206201380211,1,connected but engaged
4.6788062071907435,-0.4955338042032471,2,advanced adopters
-2.4180699965521573,-1.0422446898846043,0,Digitally excluded
4.196819104460396,-1.3929167109544143,2,advanced adopters
0.34985258320330925,2.191678087132654,1,connected but engaged
-2.886386971043106,-0.64686759501321,0,Digitally excluded
1.1375658533882003,-2.026986897320901,1,connected but engaged
-2.3839286746101007,-0.22440023345016205,0,Digitally excluded
1.9146398100811919,0.3557142265678504,1,connected but engaged
1.2525845519830086,-0.16177101517889952,2,advanced adopters
0.7368621621315768,1.3602827028685354,1,connected but engaged
1.573055141903595,0.8596459711435747,1,connected but engaged
-1.0666785603379885,-1.9894045677526089,0,Digitally excluded
2.7247290671309172,-2.374336354737951,2,advanced adopters
-1.5857618530398223,-2.004561574873307,0,Digitally excluded
-1.6972674111203938,0.7215081484631515,0,Digitally excluded
0.3105470671417282,-2.8918634912682424,1,connected but engaged
1.398919706380324,1.036806581758685,1,connected but engaged
-0.6475913733510272,-1.509560081982091,0,Digitally excluded
1.2637572207802468,-0.3082270813982889,1,connected but engaged
1.560821250759577,0.4372002573116132,1,connected but engaged
0.19641593162146168,2.1150926072930627,1,connected but engaged
-1.5227727840364713,-1.2368084369021821,0,Digitally excluded
-1.9188861506987462,0.07452745244455544,0,Digitally excluded
-1.6316122635333887,-2.0705945829223524,0,Digitally excluded
2.52287341998111,0.8197836818302638,2,advanced adopters
1.5279553587407628,1.6032626781838804,1,connected but engaged
-2.8090031383181713,-0.415484782626512,0,Digitally excluded
1.6059951969058268,0.33398931434513535,1,connected but engaged
2.029439056784562,-0.37424753268648403,1,connected but engaged
1.3507575657505624,0.6681032313607552,1,connected but engaged
-0.9734180749903866,0.13671548594134214,0,Digitally excluded
-1.91277943458033,-0.5491997542599472,0,Digitally excluded
4.7080781035638735,-1.5494664132171487,2,advanced adopters
1.2558760634631345,1.6572621349130716,1,connected but engaged
0.7021619403535346,-0.3426859051819679,1,connected but engaged
-2.8694261636379004,0.6079467072095749,0,Digitally excluded
0.4518385563976923,2.001865360005623,1,connected but engaged
-0.3088937202018378,-0.39711589979751644,0,Digitally excluded
-2.1455707264576507,-0.5376149998041422,0,Digitally excluded
-1.6714340452572447,0.6968604608203589,0,Digitally excluded
0.7343434034344098,-2.037881502854011,1,connected but engaged
-0.6349149160095203,2.8305827481705856,1,connected but engaged
1.7289248864607254,0.43681192940495467,1,connected but engaged
2.9918445291829197,0.498060501099966,2,advanced adopters
-2.129355021457162,-0.25758291174292164,0,Digitally excluded
2.3209224342371764,-1.2780803294821217,1,connected but engaged
4.507971203884862,-2.08123903805301,2,advanced adopters
1.5686788599543293,1.651030604902757,1,connected but engaged
-0.9722500248996698,-1.1940235470207707,0,Digitally excluded
-0.1027721192995809,-1.0180683873599774,1,connected but engaged
2.555028994471894,0.4347206763505518,1,connected but engaged
-2.1075276655779382,-0.8263333335298261,0,Digitally excluded
-0.11865121353889051,-0.13635375530455848,0,Digitally excluded
-0.19589809094218918,2.547490368022136,1,connected but engaged
1.8303535385906338,1.0524550931987557,1,connected but engaged
-2.7019501748380286,-0.06506785861243208,0,Digitally excluded
-2.4753917050488203,2.122093711783441,0,Digitally excluded
-2.7715173985029335,0.10125277456863666,0,Digitally excluded
-0.20270540056070324,0.3568143299003562,1,connected but engaged
2.2404853760658634,1.2345290227020813,1,connected but engaged
0.5854992918509674,-0.35686576034728335,1,connected but engaged
-1.472968487698909,-1.2585130543179188,0,Digitally excluded
-0.022634500425877488,0.8276117707405151,1,connected but engaged
0.6996378677702653,-2.012308685352972,1,connected but engaged
0.43623433373632137,0.10918944183324311,1,connected but engaged
-1.4146772388236368,-0.16468490118293053,0,Digitally excluded
-0.41367569020650813,-0.9373974941147475,0,Digitally excluded
-0.3695776145278172,1.7955546765326522,1,connected but engaged
4.580443742633366,-0.3664583060195678,2,advanced adopters
1.632813435908122,1.224506408100227,1,connected but engaged
-1.9726227357491264,-0.22076765657843875,0,Digitally excluded
0.7818853657924834,1.2558372014834143,1,connected but engaged
-0.5015944564432079,-2.1745753479689074,0,Digitally excluded
-1.7034303478161334,0.8000071968884356,0,Digitally excluded
-2.2527561495551987,-0.05005896235505038,0,Digitally excluded
0.30105884873620614,0.0938887793836413,1,connected but engaged
-2.01480650658014,0.5223395563760999,0,Digitally excluded
1.0721257047123276,-1.735603057030711,1,connected but engaged
0.7444905262139837,-2.883476084301337,1,connected but engaged
1.4719437961445225,-1.6263499935678432,2,advanced adopters
1.9984887971723178,-0.7304254544302986,1,connected but engaged
0.2345854389327163,0.9953850695074089,1,connected but engaged
-2.423796576287849,0.39963278064778285,0,Digitally excluded
1.5711535340611371,-2.000443185739678,1,connected but engaged
-2.796479555991669,-0.47433644177418255,0,Digitally excluded
1.4662070365681759,0.8346052891180438,1,connected but engaged
-2.1998395832058284,-0.28259114349756925,0,Digitally excluded
-2.5688478755833586,-0.44769900292615816,0,Digitally excluded
0.24512938012983534,1.6853238241733615,1,connected but engaged
-1.901925343293541,1.32934175466734,0,Digitally excluded
1.5853860106444007,0.6779979059410536,1,connected but engaged
1.180780617312253,0.28849270076721156,1,connected but engaged
-1.97050715428503,-0.7258154214352929,0,Digitally excluded
-1.6136312547361877,-1.8897327120261291,0,Digitally excluded
0.2808837763461647,1.4759214688640792,1,connected but engaged
0.9941293013458407,0.08556037363450633,1,connected but engaged
1.4422494646774424,-0.403466248837015,1,connected but engaged
3.4747719899810097,0.07256441900290526,2,advanced adopters
4.150216702288899,0.7962617967010304,2,advanced adopters
-2.6994920117023424,0.7966467481717479,0,Digitally excluded
-2.4759811090447053,-1.3179225791917082,0,Digitally excluded
-1.3788865452053052,-1.1055991207947817,0,Digitally excluded
-0.04205289852056982,0.5987961032696969,1,connected but engaged
1.2349331004154949,0.277266104656342,1,connected but engaged
-1.4384126457331956,-2.692068516024178,0,Digitally excluded
-2.879970104835019,-0.08199204745637796,0,Digitally excluded
3.5904846893466353,0.2568098192994313,2,advanced adopters
1.8611909720340247,1.138565373039937,1,connected but engaged
0.20014543488007336,1.7919831663587849,1,connected but engaged
1.5005789732153578,-1.2597392552571507,1,connected but engaged
-0.9594951913720344,1.9945676499013119,0,Digitally excluded
1.4384929678728824,1.7342237461632413,1,connected but engaged
2.164824694939875,0.6437409922958893,2,advanced adopters
-1.1610210978809685,-0.5025775247414264,0,Digitally excluded
-1.0501668826352772,0.2122732939919773,0,Digitally excluded
-0.1367885826069135,-0.4851464223691607,1,connected but engaged
-0.3985925684731809,-2.3266578789006003,0,Digitally excluded
-0.12709500586281589,1.6545406888675676,1,connected but engaged
1.316406453418327,1.1823242319653104,1,connected but engaged
0.0036562450328577038,0.1467462996144526,1,connected but engaged
-2.772434736586695,-0.0900760903670797,0,Digitally excluded
0.5046417608463443,1.1061054323012909,1,connected but engaged
-0.8071898678538935,-1.850977287379071,0,Digitally excluded
-1.995751281253496,-1.246868191169493,0,Digitally excluded
5.37134419732265,-0.0023787760199440334,2,advanced adopters
-2.1599883635629005,-1.6240072298809078,0,Digitally excluded
1.5580466402958606,0.4030264553684583,1,connected but engaged
1.9007708039615518,1.3266868214257437,1,connected but engaged
-2.4007117915430394,0.5473611800515596,0,Digitally excluded
1.134668334640786,1.667117242238592,1,connected but engaged
-1.1864782264376126,1.1738139855280167,0,Digitally excluded
-1.492305682505284,0.565231139836293,0,Digitally excluded
-1.6419463421945697,-0.22729737595065166,0,Digitally excluded
-2.4219818263577895,0.31065571091763167,0,Digitally excluded
-2.1622688362263207,-0.45914612094058127,0,Digitally excluded
-2.7401008200949772,0.6931054306551382,0,Digitally excluded
-1.6064614979778946,-0.12185317978449327,0,Digitally excluded
-1.768340465144181,0.7015907237588526,0,Digitally excluded
0.059157966978930394,2.155806722804595,1,connected but engaged
1.2907236051276632,-3.5977893321155996,1,connected but engaged
-0.43619030899863714,-0.3355223473916101,0,Digitally excluded
-0.5007020255511231,-0.37456571583415893,1,connected but engaged
-1.4035938099602463,-1.3934158200791722,0,Digitally excluded
-0.9024446893275266,3.089300054131012,1,connected but engaged
0.3848343984721832,0.7881632552082193,1,connected but engaged
0.3398220516496814,1.3129546156552183,1,connected but engaged
1.1112769387327814,-1.6329608649045022,1,connected but engaged
-1.6903744937918337,0.19083657241119756,0,Digitally excluded
-2.720395906385955,-0.5727986045380107,0,Digitally excluded
3.97803424667645,0.14485081601654567,2,advanced adopters
-1.8104636355986081,-0.08090599481992415,0,Digitally excluded
5.400565889417823,-0.1396993140311756,2,advanced adopters
-3.400178723214341,0.2677911379513651,0,Digitally excluded
1.380092459384723,-2.752307037626521,2,advanced adopters
1.1689606800418253,1.1189689102760991,1,connected but engaged
0.8316688571306026,-0.1999574535344831,1,connected but engaged
-2.287949683674902,-0.1741217506822624,0,Digitally excluded
-1.46876452233767,0.14790868332556398,0,Digitally excluded
0.13244572959014198,2.4318425781954702,1,connected but engaged
1.5590221075469293,-2.3463225563231482,1,connected but engaged
1.970962470942171,-0.007694279478518045,1,connected but engaged
3.9547843966058083,0.5435546803662213,2,advanced adopters
-0.3274787422328682,-0.6899100681295055,1,connected but engaged
-0.803015340411726,-1.8705945070949612,0,Digitally excluded
5.6685905538490005,-0.28674239717799926,2,advanced adopters
0.6911738004314948,1.4418238495404634,1,connected but engaged
-2.6792802230448283,0.11784658886245053,0,Digitally excluded
-2.5012128405947025,-0.009909649118614663,0,Digitally excluded
0.10574709067370246,1.3352804149164406,1,connected but engaged
0.35225980135327944,-0.830545239461064,1,connected but engaged
-2.6207395194717322,-0.4932929123898093,0,Digitally excluded
2.005899515531436,0.5057537046428237,1,connected but engaged
1.2150620551398121,0.9607492216032277,1,connected but engaged
-0.4355340509610419,-0.5383633224411409,0,Digitally excluded
-0.3471443699968528,-0.8939761481184436,1,connected but engaged
-0.933958587118234,2.8339458232743073,1,connected but engaged
3.4562316800737474,-0.22321585559610066,2,advanced adopters
3.6959783765188905,-0.4115523607229261,2,advanced adopters
-2.180779876371347,-0.2502076784170324,0,Digitally excluded
-0.8284102098655358,-2.392881835247805,0,Digitally excluded
-0.8523503600215167,2.853893417540329,1,connected but engaged
-2.428398692565876,-0.25421983663920034,0,Digitally excluded
-1.441100024401292,0.8390332012500696,0,Digitally excluded
-0.3598344104789173,1.0810115623587744,1,connected but engaged
-2.265366979395942,0.862603883340576,0,Digitally excluded
0.7049373041301269,-1.3958727913086917,1,connected but engaged
0.6182939170815942,0.9916069440042452,1,connected but engaged
-0.3551665706950889,-0.5175114770804068,1,connected but engaged
2.541205083668728,0.29164708380599286,2,advanced adopters
4.017538794184091,-0.3008960453378421,2,advanced adopters
-2.0115759643593885,-0.3603992732608665,0,Digitally excluded
1.2486904681537885,-0.4177974943966375,1,connected but engaged
-1.0209451905401046,0.07495275598074562,0,Digitally excluded
-1.3236872658425427,-2.663511062787422,0,Digitally excluded
2.649102936069096,-0.36819436688976487,2,advanced adopters
-2.505472375201139,0.7030001052354365,0,Digitally excluded
-0.30826871963701763,-2.0674883261362575,1,connected but engaged
-1.1639341697264116,1.9979777961642522,0,Digitally excluded
-1.313288823178389,-0.7727120187967459,0,Digitally excluded
1.692078782978748,-0.08175100623143582,1,connected but engaged
-1.9502456728244086,-1.709814659479396,0,Digitally excluded
1.61240267054953,1.2105159558038787,2,advanced adopters
-0.6583998485283462,0.5069480034959312,0,Digitally excluded
0.48715040834160217,0.3226872596624191,1,connected but engaged
-1.8876760493500016,-0.12167491427607009,0,Digitally excluded
-1.5608668237018903,-0.7537956640111964,0,Digitally excluded
0.06990864632585816,-1.4137876159739358,1,connected but engaged
0.6850601159232012,1.4049512945461002,1,connected but engaged
-0.3542187127328074,-2.190377178550959,0,Digitally excluded
0.7243073223322994,-0.04839708927300413,1,connected but engaged
-1.9039182273616357,-0.9601186669926303,0,Digitally excluded
0.42270646198251716,2.2294483991580707,1,connected but engaged
1.9358956290377576,-1.1651157768271259,2,advanced adopters
1.9322070158180598,0.8104988741464402,2,advanced adopters
3.815253352318633,-1.553502641754297,2,advanced adopters
-0.6558705062530334,-0.8495668737148142,0,Digitally excluded
0.31432986281312053,1.1271657127321713,1,connected but engaged
1.343568133294601,-0.5692800331866008,1,connected but engaged
-0.6907514758065851,0.16783552063953353,0,Digitally excluded
-2.6389348656016045,-0.02453458663740655,0,Digitally excluded
-1.7877329726949396,-1.4235078444618159,0,Digitally excluded
1.2168331294891024,1.9689696336536608,1,connected but engaged
-2.7607911307587942,-0.23859943063336805,0,Digitally excluded
-1.545335371194208,-0.8712292974887396,0,Digitally excluded
-0.620967005101778,-0.511802066212656,0,Digitally excluded
0.1756781685045094,1.3280681728295676,1,connected but engaged
2.0579148931621423,-0.398989596789401,1,connected but engaged
3.9256230832937167,1.0497206528126277,2,advanced adopters
0.5890448073989536,-0.6904073579037084,1,connected but engaged
1.5890656469733964,0.5467064634115608,1,connected but engaged
0.9165132751442704,1.0757865195205514,1,connected but engaged
1.6702288498865576,0.2631618364591944,1,connected but engaged
1.7807041316839713,1.820383449855129,2,advanced adopters
5.4623264017647,-0.29979171179187253,2,advanced adopters
-0.8332506257902539,-0.7549353606699819,0,Digitally excluded
1.7350891002849893,0.5533963079935634,1,connected but engaged
-0.9186880645129488,-0.3078820750253054,0,Digitally excluded
2.8749866402745092,0.42460433209287207,2,advanced adopters
3.799571078474297,0.2727335893614684,2,advanced adopters
0.0806413332160101,1.532437482183864,1,connected but engaged
-2.4691666711061977,-0.30487438359147684,0,Digitally excluded
-2.4303308812421243,0.3498901503494122,0,Digitally excluded
1.8840642488157013,-1.1750536027937573,1,connected but engaged
2.847144232124093,-1.275147359125928,2,advanced adopters
5.440057684722026,-0.9855909563157293,2,advanced adopters
-0.14963025768864022,0.473134628019718,1,connected but engaged
-0.12156118309328126,-1.3193278407243336,0,Digitally excluded
-2.1020273841407366,-1.5401473389785894,0,Digitally excluded
3.0292599431613554,-0.4632840705410666,2,advanced adopters
0.11221766095802041,0.8706615993061337,1,connected but engaged
-1.9257307798692007,-1.27719901244517,0,Digitally excluded
-0.26400726846133565,-0.2806578970831628,0,Digitally excluded
0.8419102401954243,0.9849748320038272,1,connected but engaged
-0.4805424078135923,2.798038153320808,1,connected but engaged
2.649965165431624,-0.7245701009937827,2,advanced adopters
-0.7691459815155458,0.6382451095020171,0,Digitally excluded
-0.9707540268481333,-2.5308631223593006,0,Digitally excluded
-1.4441451206470335,-0.7566455523026707,0,Digitally excluded
0.5439103536020135,0.3486775679832945,1,connected but engaged
-1.8867377128247846,-1.397088512780973,0,Digitally excluded
-1.0500889103036217,-1.796601699239302,0,Digitally excluded
1.2275592290062973,1.2031642304047057,1,connected but engaged
-1.7876626468581376,0.05457428437436557,0,Digitally excluded
-1.3981951275512432,-0.6337566998879692,0,Digitally excluded
3.716536694166055,1.0337968827505908,2,advanced adopters
-0.4515834133549554,1.327434434223231,1,connected but engaged
-2.171942891792814,-0.8130755838458066,0,Digitally excluded
0.19703910355599724,-2.0578020866261055,1,connected but engaged
-2.3745274075481193,-0.9574163409891727,0,Digitally excluded
0.2697157176424816,-0.7413627590377164,1,connected but engaged
-0.320332915968398,-0.5070992879129367,1,connected but engaged
-2.812865101194188,0.7455976197709383,0,Digitally excluded
0.8757886146421716,-0.3424061176916106,1,connected but engaged
-1.8332007155426122,0.411356252224484,0,Digitally excluded
-1.873148675381924,0.8885289954377202,0,Digitally excluded
1.9446703805258225,0.680994300869203,1,connected but engaged
-2.600919094438541,0.10240265713796952,0,Digitally excluded
3.6163960275414397,-1.7767128615746406,2,advanced adopters
0.7624286295005424,-1.87548852618973,1,connected but engaged
0.7225720959715123,1.19446898574515,1,connected but engaged
0.9250428279453412,-2.495761147359614,1,connected but engaged
-1.7372161964183401,-1.5792598389303845,0,Digitally excluded
0.5002070156787773,-1.3738440528846978,1,connected but engaged
0.08509360122753644,0.9545078044091369,1,connected but engaged
-1.4170580389712828,1.785551454393181,0,Digitally excluded
5.844581554973359,-0.5299515645155431,2,advanced adopters
-3.0264385823301683,-0.39217411325676854,0,Digitally excluded
1.5042408146884612,1.9163984712925173,1,connected but engaged
-2.641264451881765,0.24478383263782666,0,Digitally excluded
-0.992401971308579,3.1085868992967707,1,connected but engaged
3.8086056102931436,-0.2479247584138016,2,advanced adopters
-1.7361421603406033,-0.9618432398714616,0,Digitally excluded
-0.9211783997123071,-1.6762569277226327,0,Digitally excluded
1.2854498766920943,0.12151411018777313,1,connected but engaged
0.5636457714709351,1.637665672149234,1,connected but engaged
-2.718250887002787,0.34819258796450786,0,Digitally excluded
-0.582527649620169,-0.5474311789088333,0,Digitally excluded
0.6545303806195164,1.7923995801243846,1,connected but engaged
0.7833012667113798,-1.9735746247691814,1,connected but engaged
2.4430421503437776,-0.8180929924696932,1,connected but engaged
5.380718174667982,-0.3197393060578945,2,advanced adopters
-1.6626320235238001,-1.1269139028955764,0,Digitally excluded
3.344222710493407,0.9127512463035803,2,advanced adopters
-1.5812864940636182,-2.4402494897159,0,Digitally excluded
-0.9076810845982105,-0.8851704833253483,0,Digitally excluded
-1.478967497395898,0.18130309307959516,0,Digitally excluded
0.05472074190022725,0.84214076143414,1,connected but engaged
0.1890876204020831,-1.5703949991509258,1,connected but engaged
-0.7939069758311718,2.5792523415178663,1,connected but engaged
-2.3919011562054706,1.729749317465637,0,Digitally excluded
3.689357927173422,-2.707182761816893,2,advanced adopters
-0.9430669516987884,-1.6159010253385204,0,Digitally excluded
-0.8269997170223189,-0.6590996510293934,0,Digitally excluded
3.5688481611267777,-0.24348558587277105,2,advanced adopters
1.6437443876704763,1.096649364556751,1,connected but engaged
0.32256579535790153,-0.5810613451671605,1,connected but engaged
0.6953467491021519,-0.26837341271232035,1,connected but engaged
-1.2207829549792546,0.22932688595805517,0,Digitally excluded
-1.145619883392417,-2.791267300768488,0,Digitally excluded
0.05268468400540353,2.501077531578997,1,connected but engaged
-1.8136132405797785,-0.33941486571020396,0,Digitally excluded
0.6847386513554693,0.037740782101816424,1,connected but engaged
0.04819759199708479,1.3792295686133265,1,connected but engaged
-2.1690832741648283,-1.4721943165408127,0,Digitally excluded
-1.3278341918611372,-0.20001287380167884,0,Digitally excluded
-0.8743669096771572,0.5824745254651299,1,connected but engaged
0.7320700748956719,1.5695921821153707,1,connected but engaged
-2.358966517121365,0.3511889828926572,0,Digitally excluded
0.23360825860034992,-2.819754082436553,1,connected but engaged
0.5450846117988275,0.7406069119016571,1,connected but engaged
3.1614056951173537,-2.877773159227766,2,advanced adopters
-2.126516402270632,0.5500408190026919,0,Digitally excluded
-0.27558067919848256,2.64176114469395,1,connected but engaged
0.38520540301968614,-1.7991117911596064,1,connected but engaged
-1.7759749217836984,-0.8392847620068918,0,Digitally excluded
-0.8428388487338424,0.9757833723934043,0,Digitally excluded
2.386288716100332,-0.8109449572812213,1,connected but engaged
-0.4333524075869697,-2.8474409638170024,0,Digitally excluded
4.013491231745564,0.5148360973602248,2,advanced adopters
1.980185683367518,-0.39496552491291315,2,advanced adopters
-1.3412364933771102,-0.04793313928320662,0,Digitally excluded
-2.1845637935020674,-0.4177254994683392,0,Digitally excluded
-0.8474005253297408,-2.707087725252181,0,Digitally excluded
3.9028334214398814,-1.2721717211498311,2,advanced adopters
2.9712435893600784,-1.5639504359271232,2,advanced adopters
-2.5240176664817877,0.6922864364494492,0,Digitally excluded
-1.6449869636257886,0.5253661208659722,0,Digitally excluded
2.8782443632040193,0.14424610180159841,2,advanced adopters
-0.10402158926672529,-0.6436554095655908,1,connected but engaged
-1.433076097104795,0.3836456944663785,0,Digitally excluded
-0.09885764448161054,0.4484644363743962,1,connected but engaged
4.563453813917856,-0.5225865913883173,2,advanced adopters
-3.0052059281000436,0.5065245440203291,0,Digitally excluded
-2.8314103924748366,0.734883950984951,0,Digitally excluded
-2.9676351811205364,0.32996956657731713,0,Digitally excluded
-2.888319159719354,-0.042757608024597445,0,Digitally excluded
-2.920920409922361,0.8971443654593028,0,Digitally excluded
0.15906306314331534,-1.9026588308554797,1,connected but engaged
-1.6506407128950948,-0.6354465967136795,0,Digitally excluded
-2.3691128865880633,0.10942287627010373,0,Digitally excluded
2.957785134013317,1.475908164784134,2,advanced adopters
-0.8503272711085298,-1.372792298037884,0,Digitally excluded
-0.4940879974728496,-2.9654746566624755,0,Digitally excluded
1.2617513394177902,1.1677831984114337,1,connected but engaged
3.0200597912506977,-1.136459633279924,2,advanced adopters
-2.806448234986101,1.31047316732777,0,Digitally excluded
2.9368430803954357,0.6543946199771558,2,advanced adopters
1.6731857868972944,-0.732455321465608,1,connected but engaged
-1.1217029032487138,-0.20631395772531905,0,Digitally excluded
-0.07904374722263637,0.19373276888815077,1,connected but engaged
-2.428398692565876,-0.25421983663920034,0,Digitally excluded
5.082685136415825,-0.6255430326848813,2,advanced adopters
-0.7325670760650622,-1.1140744110377452,0,Digitally excluded
-2.208188638090163,-0.24335670406578871,0,Digitally excluded
2.9141993688353085,-0.2557396934938262,2,advanced adopters
0.7913624590435149,0.9710105763590979,1,connected but engaged
4.41195707271501,-1.6300429845875342,2,advanced adopters
2.1131398435339848,-1.7865133382453136,2,advanced adopters
-1.2259053403837035,1.9218098071444976,0,Digitally excluded
1.129774191714099,1.0720930698666984,1,connected but engaged
-1.499844725122463,-0.5041658441203305,0,Digitally excluded
-1.6615329380793855,-0.7646342294279183,0,Digitally excluded
1.7250504372397186,1.127719142064021,1,connected but engaged
1.1094345795139344,-0.46750048495329655,1,connected but engaged
1.0867231884534612,-0.5127182630063698,1,connected but engaged
0.5139264366823796,2.0974073776870417,1,connected but engaged
2.454881673342938,0.9968667789574105,2,advanced adopters
0.09931908411406364,0.7051781895066798,1,connected but engaged
-0.5611234720993408,2.339445816538821,1,connected but engaged
-1.7356590022595464,-2.4077048948661224,0,Digitally excluded
-0.2996569671161471,-0.773439584481692,1,connected but engaged
0.6489726478721672,-1.5111400237392398,1,connected but engaged
0.26290052639109845,-0.6670502665680688,1,connected but engaged
0.6870713111717601,-1.7996004108151635,1,connected but engaged
-2.710299229722364,-0.02583341918065171,0,Digitally excluded
0.5779666683798008,1.8598145590558972,1,connected but engaged
1.6553029689840209,-0.012348266420101252,1,connected but engaged
-2.806448234986101,1.31047316732777,0,Digitally excluded
2.4346770936228657,-2.9846932089740745,2,advanced adopters
1.8099259255633524,1.4540334129965948,1,connected but engaged
-0.006734713328945694,-0.7024765485426514,1,connected but engaged
1.104727027061094,1.18979638816204,1,connected but engaged
0.31213497650033656,0.39799251863443835,1,connected but engaged
-0.31472903362870747,0.845531428071501,1,connected but engaged
0.9822815450708292,-0.04732359339740101,1,connected but engaged
1.2304577414392908,0.7129540194989353,1,connected but engaged
-2.125827520443239,0.9795948748850373,0,Digitally excluded
3.69644307050055,-0.32598428948188735,2,advanced adopters
5.948994607957162,-1.2122000558175852,2,advanced adopters
1.30483776388672,0.8838926482355479,1,connected but engaged
3.2616485144019722,-1.046781698619432,2,advanced adopters
-1.0900612817457218,1.910313177550461,0,Digitally excluded
-0.4405944479742805,2.3208654101075714,1,connected but engaged
-1.4761112319739744,-0.3148205469450999,0,Digitally excluded
-1.5331797485525456,0.1611664330095835,0,Digitally excluded
-1.7328086500409017,-0.042545286312245585,0,Digitally excluded
3.834591372583643,-0.5993061053017366,2,advanced adopters
-1.8938389860457412,-0.04317586585078604,0,Digitally excluded
1.2497488884375323,0.6110892143766079,1,connected but engaged
3.063509753171921,-0.16060732222262117,1,connected but engaged
-1.7947875467756371,0.8730850637132392,0,Digitally excluded
1.167163365459462,0.837968364221765,1,connected but engaged
-0.341695130406305,-2.2492288376986296,0,Digitally excluded
4.594472820595392,-0.378906583345215,2,advanced adopters
-0.8398267776950142,2.7950417583926583,1,connected but engaged
1.763627851773456,-2.047497158524379,2,advanced adopters
-0.9665794994059658,-2.5504803420751907,0,Digitally excluded
4.088876918071776,0.4276226532015019,2,advanced adopters
2.6003922285841368,-0.06297353767328716,1,connected but engaged
-0.12722987995670115,2.5396512219105136,1,connected but engaged
0.45209516147711704,-2.4494857318436467,1,connected but engaged
1.275797645025692,1.0787829144487011,1,connected but engaged
3.1849298191377184,1.077491534777563,2,advanced adopters
0.7921356044777568,0.4427765249497232,1,connected but engaged
-1.5485746815391481,-0.6783990529560027,0,Digitally excluded
0.10240602731029011,-1.298862806301591,1,connected but engaged
1.4431387597316785,1.2908788816696402,1,connected but engaged
0.6147209839461398,-0.494186298358515,1,connected but engaged
-1.5715756560983332,-0.7839210745936768,0,Digitally excluded
1.1691422532759699,1.1765386384780203,1,connected but engaged
-1.9512712568638668,0.4194101255734625,0,Digitally excluded
-0.2250301853573645,2.775073407174584,1,connected but engaged
-1.8916268385117692,0.20263863213244213,0,Digitally excluded
0.43648982009510984,-0.004777290934541444,1,connected but engaged
-1.0014248437280744,-0.0006416674346512393,0,Digitally excluded
0.025828471737920758,0.7802444260117416,1,connected but engaged
-0.5685052133420945,-0.05745894384424758,0,Digitally excluded
1.8566452872210184,0.09617115904634879,1,connected but engaged
-1.4103507501929058,-1.6661524303862922,0,Digitally excluded
-1.3050792329036671,-0.7103909609649565,0,Digitally excluded
-1.1229420713079672,1.4851703359062869,0,Digitally excluded
-1.2359447212038364,-0.8234097059560496,0,Digitally excluded
-1.4902549234073634,-0.5443045346468232,0,Digitally excluded
0.3588059479678738,-1.6589167977002104,1,connected but engaged
-0.31139178821441443,-1.6542920864577184,1,connected but engaged
1.6192646349499218,0.16255918128914998,1,connected but engaged
-2.865514333832268,-0.7449536935926612,0,Digitally excluded
-1.1665236196681417,0.3717551326171315,0,Digitally excluded
-1.9287324419442833,0.5040513387651777,0,Digitally excluded
-0.2584001646616313,2.2047912989056075,1,connected but engaged
-2.543952846245427,0.8030669079359519,0,Digitally excluded
-0.42391214116241344,0.23690548754666274,1,connected but engaged
0.7295192896981249,2.768469196447127,1,connected but engaged
-0.029726278509528786,-0.09881164390751546,1,connected but engaged
0.7713520511952053,0.712720940834531,1,connected but engaged
-2.463689720194839,-0.15516528006663574,0,Digitally excluded
-0.9009763214544845,1.4240861422063371,1,connected but engaged
1.4871955116920834,0.09956182568370972,1,connected but engaged
0.2581669512861957,0.23694567981430834,1,connected but engaged
0.3063290919159572,0.6056490302122381,1,connected but engaged
2.7657987026639113,0.03818822769439558,2,advanced adopters
-2.002474018924847,0.8033702719921568,0,Digitally excluded
-1.469926978741009,1.9867842890407088,0,Digitally excluded
1.7620889125214292,1.501483129950576,1,connected but engaged
2.2169069529837935,-0.14765919013668086,1,connected but engaged
1.3485619261249029,1.0262907253329008,1,connected but engaged
-2.401109189146952,0.21256961233818045,0,Digitally excluded
-0.1479676430736533,1.7526267874470185,1,connected but engaged
-2.1664433636684883,-0.4395289012246911,0,Digitally excluded
-2.6384898414180484,0.2789576345809816,0,Digitally excluded
1.3947451789381566,1.0564238014745753,1,connected but engaged
-0.8077085700240771,-0.7609644561517207,0,Digitally excluded
-0.5305018630257169,2.1483342568685444,1,connected but engaged
-0.804774789412674,-0.7796774247728989,0,Digitally excluded
1.407801032962456,0.4472531769973371,1,connected but engaged
0.8307312739182615,-0.01190454309945923,1,connected but engaged
2.748715653302114,0.49593668932209056,2,advanced adopters
1.1634079873755376,-1.3617259998594637,1,connected but engaged
5.041270379184848,-0.2079223868122542,2,advanced adopters
3.0764971199520774,-0.048471509822684736,2,advanced adopters
-2.4743184944297183,-0.038430419764407704,0,Digitally excluded
1.374984711702557,0.022572622899900648,1,connected but engaged
4.342955680111543,0.28276575209513977,2,advanced adopters
-2.1982274291454513,1.5904582641607306,0,Digitally excluded
0.40750111360830804,-2.927893100701728,1,connected but engaged
-2.144255816643469,0.10188651317497328,0,Digitally excluded
1.596555723800585,-1.0489421205794562,1,connected but engaged
1.0479843913832372,0.9945757473987551,1,connected but engaged
